Date,"Day of Week",Breast,"TimeStart","TimeEnd","ActivePct","Feed Duration (min)","Time since last feed","Time active","Time  sleeping",Notes,Time Start - Round
6-Aug-2018,Mon,,05:40,06:00,,20,first feed,,,,00:00
6-Aug-2018,Mon,,06:00,06:20,,20,0h 0m,,,,
6-Aug-2018,Mon,,07:00,07:30,,30,0h 40m,,,,
6-Aug-2018,Mon,,08:00,08:20,,20,0h 30m,,,,
6-Aug-2018,Mon,,08:20,08:27,,7,0h 0m,,,,
6-Aug-2018,Mon,,09:23,09:44,,21,0h 56m,,,,
6-Aug-2018,Mon,,12:10,12:34,,24,2h 26m,,,,
6-Aug-2018,Mon,,16:42,16:57,,15,4h 8m,,,,
6-Aug-2018,Mon,,17:24,18:08,,44,0h 27m,,,,
6-Aug-2018,Mon,,22:30,22:55,,25,4h 22m,,,,
6-Aug-2018,Mon,,23:10,23:38,,28,0h 15m,,,,
7-Aug-2018,Tue,,02:10,02:29,,19,2h 32m,,,,
7-Aug-2018,Tue,,07:44,08:10,,26,5h 15m,,,,
7-Aug-2018,Tue,,12:20,13:02,,42,4h 10m,,,,
7-Aug-2018,Tue,,15:40,16:01,,21,2h 38m,,,,
7-Aug-2018,Tue,,17:20,17:41,,21,1h 19m,,,,
7-Aug-2018,Tue,,21:00,21:48,,48,3h 19m,,,,
7-Aug-2018,Tue,,22:42,23:22,,40,0h 54m,,,,
8-Aug-2018,Wed,,02:50,03:10,,20,3h 28m,,,,
8-Aug-2018,Wed,,04:38,05:32,,54,1h 28m,,,,
8-Aug-2018,Wed,,09:37,10:28,,51,4h 5m,,,,
8-Aug-2018,Wed,,13:19,13:27,,8,2h 51m,,,Milk started,
8-Aug-2018,Wed,,16:33,16:44,,11,3h 6m,,,,
8-Aug-2018,Wed,,17:09,17:27,,18,0h 25m,,,,
8-Aug-2018,Wed,,21:53,22:06,,13,4h 26m,,,,
8-Aug-2018,Wed,,23:44,23:53,,9,1h 38m,,,,
9-Aug-2018,Thu,,03:19,03:52,,33,3h 26m,,,,
9-Aug-2018,Thu,,07:52,08:00,,8,4h 0m,,,,
9-Aug-2018,Thu,,08:57,09:13,,16,0h 57m,,,,
9-Aug-2018,Thu,,11:10,11:31,,21,1h 57m,,,,
9-Aug-2018,Thu,,14:40,15:00,,20,3h 9m,,,,
9-Aug-2018,Thu,,15:32,15:37,,5,0h 32m,,,,
9-Aug-2018,Thu,,18:01,18:30,,29,2h 24m,,,,
9-Aug-2018,Thu,,18:57,19:12,,15,0h 27m,,,,
9-Aug-2018,Thu,,22:14,22:32,,18,3h 2m,,,,
9-Aug-2018,Thu,,23:46,23:59,,13,1h 14m,,,,
10-Aug-2018,Fri,,04:29,05:01,,32,4h 30m,,,,
10-Aug-2018,Fri,,07:57,08:42,,45,2h 56m,,,,
10-Aug-2018,Fri,,12:32,12:43,,11,3h 50m,,,,
10-Aug-2018,Fri,,13:47,14:02,,15,1h 4m,,,,
10-Aug-2018,Fri,,14:15,14:21,,6,0h 13m,,,,
10-Aug-2018,Fri,,15:54,16:03,,9,1h 33m,,,,
10-Aug-2018,Fri,,18:05,18:20,,15,2h 2m,,,,
10-Aug-2018,Fri,,19:30,19:45,,15,1h 10m,,,,
10-Aug-2018,Fri,,19:45,20:02,,17,0h 0m,,,,
10-Aug-2018,Fri,,20:11,20:15,,4,0h 9m,,,,
10-Aug-2018,Fri,,22:40,23:17,,37,2h 25m,,,,
11-Aug-2018,Sat,,02:44,02:58,,14,3h 27m,,,,
11-Aug-2018,Sat,,03:35,04:05,,30,0h 37m,,,,
11-Aug-2018,Sat,,07:53,08:43,,50,3h 48m,,,,
11-Aug-2018,Sat,,11:50,12:01,,11,3h 7m,,,,
11-Aug-2018,Sat,,12:23,12:39,,16,0h 22m,,,,
11-Aug-2018,Sat,R,15:48,16:34,,46,3h 9m,,,,
11-Aug-2018,Sat,L,17:29,17:37,,8,0h 55m,,,,
11-Aug-2018,Sat,L,19:44,19:56,,12,2h 7m,,,,
11-Aug-2018,Sat,R,20:49,21:03,,14,0h 53m,,,,
11-Aug-2018,Sat,L,23:04,23:16,,12,2h 1m,,,,
12-Aug-2018,Sun,L,00:18,00:24,,6,1h 2m,,,,
12-Aug-2018,Sun,R,04:32,05:12,,40,4h 8m,,,,
12-Aug-2018,Sun,L,08:42,08:58,,16,3h 30m,,,,
12-Aug-2018,Sun,L,11:53,12:33,,40,2h 55m,,,,
12-Aug-2018,Sun,R,12:57,13:14,,17,0h 24m,,,,
12-Aug-2018,Sun,R,15:48,16:38,,50,2h 34m,,,,
12-Aug-2018,Sun,L,17:47,18:04,,17,1h 9m,,,,
12-Aug-2018,Sun,L,21:10,21:27,,17,3h 6m,,,,
12-Aug-2018,Sun,R,23:35,23:47,,12,2h 8m,,,,
12-Aug-2018,Sun,R,23:51,23:59,,8,0h 4m,,,,
13-Aug-2018,Mon,R,00:14,00:24,,10,0h 15m,,,,
13-Aug-2018,Mon,R,00:32,00:40,,8,0h 8m,,,,
13-Aug-2018,Mon,L,00:42,00:44,,2,0h 2m,,,,
13-Aug-2018,Mon,L,05:13,05:48,,35,4h 29m,,,,
13-Aug-2018,Mon,L,06:25,06:39,,14,0h 37m,,,,
13-Aug-2018,Mon,R,10:55,11:12,,17,4h 16m,,,,
13-Aug-2018,Mon,R,11:28,11:34,,6,0h 16m,,,,
13-Aug-2018,Mon,L,12:48,13:09,,21,1h 14m,,,,
13-Aug-2018,Mon,L,15:21,16:05,,44,2h 12m,,,,
13-Aug-2018,Mon,R,16:50,17:14,,24,0h 45m,,,,
13-Aug-2018,Mon,R,20:46,20:54,,8,3h 32m,,,,
13-Aug-2018,Mon,L,21:05,21:35,,30,0h 11m,,,,
14-Aug-2018,Tue,R,00:14,00:50,,36,2h 39m,,,,
14-Aug-2018,Tue,L,05:43,06:03,,20,4h 53m,,,,
14-Aug-2018,Tue,R,06:32,06:50,,18,0h 29m,,,,
14-Aug-2018,Tue,L,10:05,10:19,,14,3h 15m,,,,
14-Aug-2018,Tue,R,11:04,11:14,,10,0h 45m,,,,
14-Aug-2018,Tue,R,12:17,12:48,,31,1h 3m,,,,
14-Aug-2018,Tue,L,13:52,14:06,,14,1h 4m,,,,
14-Aug-2018,Tue,L,18:42,18:56,,14,4h 36m,,,,
14-Aug-2018,Tue,R,21:20,21:31,,11,2h 24m,,,,
14-Aug-2018,Tue,R,21:51,22:15,,24,0h 20m,,,,
15-Aug-2018,Wed,L,01:34,01:48,0%,14,3h 19m,0h 0m,3h 19m,,
15-Aug-2018,Wed,L,04:48,04:58,0%,10,3h 0m,0h 0m,3h 0m,,
15-Aug-2018,Wed,R,05:23,05:30,100%,7,0h 25m,0h 25m,0h 0m,,
15-Aug-2018,Wed,R,08:51,09:21,0%,30,3h 21m,0h 0m,3h 21m,,
15-Aug-2018,Wed,L,09:39,09:45,100%,6,0h 18m,0h 18m,0h 0m,,
15-Aug-2018,Wed,L,11:04,11:09,100%,5,1h 19m,1h 19m,0h 0m,,
15-Aug-2018,Wed,R,12:00,12:14,0%,14,0h 51m,0h 0m,0h 51m,,
15-Aug-2018,Wed,R,14:35,14:46,0%,11,2h 21m,0h 0m,2h 21m,,
15-Aug-2018,Wed,L,16:55,17:09,100%,14,2h 9m,2h 9m,0h 0m,,
15-Aug-2018,Wed,R,17:16,17:21,0%,5,0h 7m,0h 0m,0h 7m,,
15-Aug-2018,Wed,R,17:29,17:34,0%,5,0h 8m,0h 0m,0h 8m,,
15-Aug-2018,Wed,R,18:36,18:39,100%,3,1h 2m,1h 2m,0h 0m,,
15-Aug-2018,Wed,L,18:53,18:57,100%,4,0h 14m,0h 14m,0h 0m,,
15-Aug-2018,Wed,L,21:15,21:46,0%,31,2h 18m,0h 0m,2h 18m,,
15-Aug-2018,Wed,R,21:56,22:06,100%,10,0h 10m,0h 10m,0h 0m,,
15-Aug-2018,Wed,L,23:25,23:39,100%,14,1h 19m,1h 19m,0h 0m,,
15-Aug-2018,Wed,R,23:50,23:59,100%,9,0h 11m,0h 11m,0h 0m,,
16-Aug-2018,Thu,R,05:06,05:28,20%,22,5h 7m,1h 1m,4h 5m,,
16-Aug-2018,Thu,L,05:40,05:50,100%,10,0h 12m,0h 12m,0h 0m,,
16-Aug-2018,Thu,L,09:53,10:10,25%,17,4h 3m,1h 0m,3h 2m,,
16-Aug-2018,Thu,R,10:14,10:20,100%,6,0h 4m,0h 4m,0h 0m,,
16-Aug-2018,Thu,R,12:06,12:22,0%,16,1h 46m,0h 0m,1h 46m,,
16-Aug-2018,Thu,L,13:20,13:30,100%,10,0h 58m,0h 58m,0h 0m,,
16-Aug-2018,Thu,L,15:27,15:52,0%,25,1h 57m,0h 0m,1h 57m,,
16-Aug-2018,Thu,R,18:43,18:56,30%,13,2h 51m,0h 51m,1h 59m,,
16-Aug-2018,Thu,R,19:13,19:26,100%,13,0h 17m,0h 17m,0h 0m,,
16-Aug-2018,Thu,L,21:01,21:22,100%,21,1h 35m,1h 35m,0h 0m,,
17-Aug-2018,Fri,L,02:07,02:42,0%,35,4h 45m,0h 0m,4h 45m,,
17-Aug-2018,Fri,R,06:05,06:29,0%,24,3h 23m,0h 0m,3h 23m,,
17-Aug-2018,Fri,R,09:25,09:40,35%,15,2h 56m,1h 1m,1h 54m,,
17-Aug-2018,Fri,L,09:58,10:00,100%,2,0h 18m,0h 18m,0h 0m,,
17-Aug-2018,Fri,L,11:17,11:24,100%,7,1h 17m,1h 17m,0h 0m,,
17-Aug-2018,Fri,L,15:35,16:10,0%,35,4h 11m,0h 0m,4h 11m,,
17-Aug-2018,Fri,R,19:26,19:51,0%,25,3h 16m,0h 0m,3h 16m,,
17-Aug-2018,Fri,L,21:03,21:21,100%,18,1h 12m,1h 12m,0h 0m,,
17-Aug-2018,Fri,R,21:27,21:30,100%,3,0h 6m,0h 6m,0h 0m,,
17-Aug-2018,Fri,L,21:52,22:03,100%,11,0h 22m,0h 22m,0h 0m,,
18-Aug-2018,Sat,R,02:57,03:09,20%,12,4h 54m,0h 58m,3h 55m,,
18-Aug-2018,Sat,L,05:08,05:21,0%,13,1h 59m,0h 0m,1h 59m,,
18-Aug-2018,Sat,L,05:41,05:51,100%,10,0h 20m,0h 20m,0h 0m,,
18-Aug-2018,Sat,R,09:08,09:23,0%,15,3h 17m,0h 0m,3h 17m,,
18-Aug-2018,Sat,L,09:28,09:35,100%,7,0h 5m,0h 5m,0h 0m,,
18-Aug-2018,Sat,L,11:04,11:23,100%,19,1h 29m,1h 29m,0h 0m,,
18-Aug-2018,Sat,R,12:53,13:18,0%,25,1h 30m,0h 0m,1h 30m,,
18-Aug-2018,Sat,L,13:31,13:48,100%,17,0h 13m,0h 13m,0h 0m,,
18-Aug-2018,Sat,R,14:49,14:50,100%,1,1h 1m,1h 1m,0h 0m,,
18-Aug-2018,Sat,R,17:40,18:01,30%,21,2h 50m,0h 51m,1h 59m,,
18-Aug-2018,Sat,L,18:20,18:25,100%,5,0h 19m,0h 19m,0h 0m,,
18-Aug-2018,Sat,R,18:48,19:00,100%,12,0h 23m,0h 23m,0h 0m,,
18-Aug-2018,Sat,L,19:06,19:10,100%,4,0h 6m,0h 6m,0h 0m,,
18-Aug-2018,Sat,L,22:42,23:02,0%,20,3h 32m,0h 0m,3h 32m,,
18-Aug-2018,Sat,R,23:27,23:34,100%,7,0h 25m,0h 25m,0h 0m,,
19-Aug-2018,Sun,R,03:18,03:35,30%,17,3h 44m,1h 7m,2h 36m,,
19-Aug-2018,Sun,L,06:24,06:40,0%,16,2h 49m,0h 0m,2h 49m,,
19-Aug-2018,Sun,L,07:00,07:03,100%,3,0h 20m,0h 20m,0h 0m,,
19-Aug-2018,Sun,R,10:47,11:26,40%,39,3h 44m,1h 29m,2h 14m,,
19-Aug-2018,Sun,L,11:48,11:53,100%,5,0h 22m,0h 22m,0h 0m,,
19-Aug-2018,Sun,L,13:17,13:22,100%,5,1h 24m,1h 24m,0h 0m,,
19-Aug-2018,Sun,L,16:04,16:28,0%,24,2h 42m,0h 0m,2h 42m,,
19-Aug-2018,Sun,R,17:17,17:25,100%,8,0h 49m,0h 49m,0h 0m,,
19-Aug-2018,Sun,R,20:10,20:28,30%,18,2h 45m,0h 49m,1h 55m,,
19-Aug-2018,Sun,L,21:43,22:05,100%,22,1h 15m,1h 15m,0h 0m,,
20-Aug-2018,Mon,R,03:50,04:11,0%,21,5h 45m,0h 0m,5h 45m,,
20-Aug-2018,Mon,L,08:27,08:40,48%,13,4h 16m,2h 2m,2h 13m,,
20-Aug-2018,Mon,R,11:10,11:22,100%,12,2h 30m,2h 30m,0h 0m,,
20-Aug-2018,Mon,R,12:46,13:00,0%,14,1h 24m,0h 0m,1h 24m,,
20-Aug-2018,Mon,L,13:02,13:18,100%,16,0h 2m,0h 2m,0h 0m,,
20-Aug-2018,Mon,L,16:48,17:10,0%,22,3h 30m,0h 0m,3h 30m,,
20-Aug-2018,Mon,R,18:26,18:48,60%,22,1h 16m,0h 45m,0h 30m,,
20-Aug-2018,Mon,R,21:10,21:27,45%,17,2h 22m,1h 3m,1h 18m,,
20-Aug-2018,Mon,L,21:40,21:53,100%,13,0h 13m,0h 13m,0h 0m,,
21-Aug-2018,Tue,L,03:06,03:23,20%,17,5h 13m,1h 2m,4h 10m,,
21-Aug-2018,Tue,R,06:54,07:09,0%,15,3h 31m,0h 0m,3h 31m,,
21-Aug-2018,Tue,L,07:13,07:23,100%,10,0h 4m,0h 4m,0h 0m,,
21-Aug-2018,Tue,L,09:01,09:21,100%,20,1h 38m,1h 38m,0h 0m,,
21-Aug-2018,Tue,R,11:50,12:05,0%,15,2h 29m,0h 0m,2h 29m,,
21-Aug-2018,Tue,L,12:33,12:41,100%,8,0h 28m,0h 28m,0h 0m,,
21-Aug-2018,Tue,L,12:50,13:05,100%,15,0h 9m,0h 9m,0h 0m,,
21-Aug-2018,Tue,R,15:15,15:26,0%,11,2h 10m,0h 0m,2h 10m,,
21-Aug-2018,Tue,R,15:40,15:43,0%,3,0h 14m,0h 0m,0h 14m,,
21-Aug-2018,Tue,L,15:47,15:58,100%,11,0h 4m,0h 4m,0h 0m,,
21-Aug-2018,Tue,L,18:44,18:55,0%,11,2h 46m,0h 0m,2h 46m,,
21-Aug-2018,Tue,L,19:02,19:07,100%,5,0h 7m,0h 7m,0h 0m,,
21-Aug-2018,Tue,R,19:25,19:36,100%,11,0h 18m,0h 18m,0h 0m,,
21-Aug-2018,Tue,R,21:09,21:32,70%,23,1h 33m,1h 5m,0h 27m,,
21-Aug-2018,Tue,L,21:34,21:42,100%,8,0h 2m,0h 2m,0h 0m,,
21-Aug-2018,Tue,L,22:11,22:23,100%,12,0h 29m,0h 29m,0h 0m,,
22-Aug-2018,Wed,R,03:05,03:20,15%,15,4h 42m,0h 42m,3h 59m,,
22-Aug-2018,Wed,L,03:41,03:53,100%,12,0h 21m,0h 21m,0h 0m,,
22-Aug-2018,Wed,L,07:23,07:39,0%,16,3h 30m,0h 0m,3h 30m,,
22-Aug-2018,Wed,R,07:50,07:58,0%,8,0h 11m,0h 0m,0h 11m,,
22-Aug-2018,Wed,R,08:59,09:13,100%,14,1h 1m,1h 1m,0h 0m,,
22-Aug-2018,Wed,L,10:09,10:23,100%,14,0h 56m,0h 56m,0h 0m,,
22-Aug-2018,Wed,R,10:24,10:26,100%,2,0h 1m,0h 1m,0h 0m,,
22-Aug-2018,Wed,R,12:22,12:50,42%,28,1h 56m,0h 48m,1h 7m,,
22-Aug-2018,Wed,L,13:22,13:42,0%,20,0h 32m,0h 0m,0h 32m,,
22-Aug-2018,Wed,R,16:18,16:31,0%,13,2h 36m,0h 0m,2h 36m,,
22-Aug-2018,Wed,L,16:44,16:54,100%,10,0h 13m,0h 13m,0h 0m,,
22-Aug-2018,Wed,L,17:34,17:48,100%,14,0h 40m,0h 40m,0h 0m,,
22-Aug-2018,Wed,R,18:48,18:55,50%,7,1h 0m,0h 30m,0h 30m,,
22-Aug-2018,Wed,R,21:29,21:39,40%,10,2h 34m,1h 1m,1h 32m,,
22-Aug-2018,Wed,L,21:41,21:55,100%,14,0h 2m,0h 2m,0h 0m,,
22-Aug-2018,Wed,L,22:49,22:58,100%,9,0h 54m,0h 54m,0h 0m,,
23-Aug-2018,Thu,R,02:59,03:13,25%,14,4h 1m,1h 0m,3h 0m,,
23-Aug-2018,Thu,L,03:30,03:35,0%,5,0h 17m,0h 0m,0h 17m,,
23-Aug-2018,Thu,L,06:36,06:50,0%,14,3h 1m,0h 0m,3h 1m,,
23-Aug-2018,Thu,R,08:06,08:21,40%,15,1h 16m,0h 30m,0h 45m,,
23-Aug-2018,Thu,L,08:31,08:36,100%,5,0h 10m,0h 10m,0h 0m,,
23-Aug-2018,Thu,L,08:40,08:44,100%,4,0h 4m,0h 4m,0h 0m,,
23-Aug-2018,Thu,R,11:00,11:15,10%,15,2h 16m,0h 13m,2h 2m,,
23-Aug-2018,Thu,L,11:42,11:55,100%,13,0h 27m,0h 27m,0h 0m,,
23-Aug-2018,Thu,L,15:32,15:56,0%,24,3h 37m,0h 0m,3h 37m,,
23-Aug-2018,Thu,R,16:13,16:26,0%,13,0h 17m,0h 0m,0h 17m,,
23-Aug-2018,Thu,R,18:10,18:21,0%,11,1h 44m,0h 0m,1h 44m,,
23-Aug-2018,Thu,L,21:06,21:26,0%,20,2h 45m,0h 0m,2h 45m,,
23-Aug-2018,Thu,R,21:30,21:37,100%,7,0h 4m,0h 4m,0h 0m,,
23-Aug-2018,Thu,R,22:00,22:08,100%,8,0h 23m,0h 23m,0h 0m,,
23-Aug-2018,Thu,L,22:37,22:51,100%,14,0h 29m,0h 29m,0h 0m,,
23-Aug-2018,Thu,R,23:43,23:53,100%,10,0h 52m,0h 52m,0h 0m,,
24-Aug-2018,Fri,L,03:06,03:15,0%,9,3h 13m,0h 0m,3h 13m,,
24-Aug-2018,Fri,L,03:47,03:59,100%,12,0h 32m,0h 32m,0h 0m,,
24-Aug-2018,Fri,R,06:50,07:04,0%,14,2h 51m,0h 0m,2h 51m,,
24-Aug-2018,Fri,L,08:19,08:38,100%,19,1h 15m,1h 15m,0h 0m,,
24-Aug-2018,Fri,R,08:40,08:42,100%,2,0h 2m,0h 2m,0h 0m,,
24-Aug-2018,Fri,R,09:08,09:11,100%,3,0h 26m,0h 26m,0h 0m,,
24-Aug-2018,Fri,R,10:29,10:35,75%,6,1h 18m,0h 58m,0h 19m,,
24-Aug-2018,Fri,L,10:43,10:53,100%,10,0h 8m,0h 8m,0h 0m,,
24-Aug-2018,Fri,L,11:40,11:58,100%,18,0h 47m,0h 47m,0h 0m,,
24-Aug-2018,Fri,R,15:58,16:32,0%,34,4h 0m,0h 0m,4h 0m,,
24-Aug-2018,Fri,L,17:36,17:48,100%,12,1h 4m,1h 4m,0h 0m,,
24-Aug-2018,Fri,L,18:28,18:50,0%,22,0h 40m,0h 0m,0h 40m,,
24-Aug-2018,Fri,R,19:21,19:41,100%,20,0h 31m,0h 31m,0h 0m,,
24-Aug-2018,Fri,L,21:08,21:48,0%,40,1h 27m,0h 0m,1h 27m,,
24-Aug-2018,Fri,R,22:48,23:00,100%,12,1h 0m,1h 0m,0h 0m,,
25-Aug-2018,Sat,L,04:01,04:19,0%,18,5h 1m,0h 0m,5h 1m,,
25-Aug-2018,Sat,R,04:44,04:48,100%,4,0h 25m,0h 25m,0h 0m,,
25-Aug-2018,Sat,R,09:08,09:32,0%,24,4h 20m,0h 0m,4h 20m,,
25-Aug-2018,Sat,L,10:25,10:32,100%,7,0h 53m,0h 53m,0h 0m,,
25-Aug-2018,Sat,L,11:50,12:10,0%,20,1h 18m,0h 0m,1h 18m,,
25-Aug-2018,Sat,R,12:35,12:49,100%,14,0h 25m,0h 25m,0h 0m,,
25-Aug-2018,Sat,L,14:48,14:54,25%,6,1h 59m,0h 29m,1h 29m,,
25-Aug-2018,Sat,R,15:22,15:28,100%,6,0h 28m,0h 28m,0h 0m,,
25-Aug-2018,Sat,L,19:19,19:29,24%,10,3h 51m,0h 55m,2h 55m,,
25-Aug-2018,Sat,L,19:46,19:59,0%,13,0h 17m,0h 0m,0h 17m,,
25-Aug-2018,Sat,R,20:55,21:29,0%,34,0h 56m,0h 0m,0h 56m,,
25-Aug-2018,Sat,L,22:44,23:03,100%,19,1h 15m,1h 15m,0h 0m,,
26-Aug-2018,Sun,R,03:21,03:36,0%,15,4h 18m,0h 0m,4h 18m,,
26-Aug-2018,Sun,L,06:51,07:03,0%,12,3h 15m,0h 0m,3h 15m,,
26-Aug-2018,Sun,L,09:23,09:38,45%,15,2h 20m,1h 3m,1h 17m,,
26-Aug-2018,Sun,R,09:40,09:46,100%,6,0h 2m,0h 2m,0h 0m,,
26-Aug-2018,Sun,R,10:33,10:41,100%,8,0h 47m,0h 47m,0h 0m,,
26-Aug-2018,Sun,L,11:52,12:07,60%,15,1h 11m,0h 42m,0h 28m,,
26-Aug-2018,Sun,R,13:28,13:52,0%,24,1h 21m,0h 0m,1h 21m,,
26-Aug-2018,Sun,L,17:29,17:40,0%,11,3h 37m,0h 0m,3h 37m,,
26-Aug-2018,Sun,R,18:18,18:32,0%,14,0h 38m,0h 0m,0h 38m,,
26-Aug-2018,Sun,L,19:59,20:06,35%,7,1h 27m,0h 30m,0h 56m,,
26-Aug-2018,Sun,L,20:43,20:50,100%,7,0h 37m,0h 37m,0h 0m,,
27-Aug-2018,Mon,R,01:30,01:57,60%,27,4h 40m,2h 48m,1h 52m,,
27-Aug-2018,Mon,L,06:14,06:32,0%,18,4h 17m,0h 0m,4h 17m,,
27-Aug-2018,Mon,L,08:31,08:41,50%,10,1h 59m,0h 59m,0h 59m,,
27-Aug-2018,Mon,R,08:44,08:54,100%,10,0h 3m,0h 3m,0h 0m,,
27-Aug-2018,Mon,R,09:46,09:54,100%,8,0h 52m,0h 52m,0h 0m,,
27-Aug-2018,Mon,L,10:55,11:02,50%,7,1h 1m,0h 30m,0h 30m,,
27-Aug-2018,Mon,L,14:04,14:12,0%,8,3h 2m,0h 0m,3h 2m,,
27-Aug-2018,Mon,R,15:02,15:07,100%,5,0h 50m,0h 50m,0h 0m,,
27-Aug-2018,Mon,L,15:48,15:59,100%,11,0h 41m,0h 41m,0h 0m,,
27-Aug-2018,Mon,L,16:45,16:59,35%,14,0h 46m,0h 16m,0h 29m,,
27-Aug-2018,Mon,L,17:17,17:20,100%,3,0h 18m,0h 18m,0h 0m,,
27-Aug-2018,Mon,R,17:43,18:00,100%,17,0h 23m,0h 23m,0h 0m,,
27-Aug-2018,Mon,R,19:21,19:30,40%,9,1h 21m,0h 32m,0h 48m,,
27-Aug-2018,Mon,L,19:41,19:52,100%,11,0h 11m,0h 11m,0h 0m,,
27-Aug-2018,Mon,R,20:35,20:47,50%,12,0h 43m,0h 21m,0h 21m,,
27-Aug-2018,Mon,L,20:48,20:50,100%,2,0h 1m,0h 1m,0h 0m,,
27-Aug-2018,Mon,L,22:02,22:08,100%,6,1h 12m,1h 12m,0h 0m,,
28-Aug-2018,Tue,R,03:06,03:19,0%,13,4h 58m,0h 0m,4h 58m,,
28-Aug-2018,Tue,L,06:25,06:35,0%,10,3h 6m,0h 0m,3h 6m,,
28-Aug-2018,Tue,R,07:45,07:55,100%,10,1h 10m,1h 10m,0h 0m,,
28-Aug-2018,Tue,R,08:44,08:58,100%,14,0h 49m,0h 49m,0h 0m,,
28-Aug-2018,Tue,L,08:59,09:06,100%,7,0h 1m,0h 1m,0h 0m,,
28-Aug-2018,Tue,L,09:40,09:50,100%,10,0h 34m,0h 34m,0h 0m,,
28-Aug-2018,Tue,R,10:44,10:50,100%,6,0h 54m,0h 54m,0h 0m,,
28-Aug-2018,Tue,R,10:55,11:05,100%,10,0h 5m,0h 5m,0h 0m,,
28-Aug-2018,Tue,L,12:09,12:12,0%,3,1h 4m,0h 0m,1h 4m,,
28-Aug-2018,Tue,L,13:47,14:04,75%,17,1h 35m,1h 11m,0h 23m,,
28-Aug-2018,Tue,R,14:23,14:27,100%,4,0h 19m,0h 19m,0h 0m,,
28-Aug-2018,Tue,R,19:24,19:42,0%,18,4h 57m,0h 0m,4h 57m,,
28-Aug-2018,Tue,R,20:05,20:08,100%,3,0h 23m,0h 23m,0h 0m,,
28-Aug-2018,Tue,L,20:10,20:13,100%,3,0h 2m,0h 2m,0h 0m,,
28-Aug-2018,Tue,L,20:34,20:37,100%,3,0h 21m,0h 21m,0h 0m,,
28-Aug-2018,Tue,L,22:54,22:58,15%,4,2h 17m,0h 20m,1h 56m,,
29-Aug-2018,Wed,L,02:34,02:44,0%,10,3h 36m,0h 0m,3h 36m,,
29-Aug-2018,Wed,R,03:18,03:32,100%,14,0h 34m,0h 34m,0h 0m,,
29-Aug-2018,Wed,L,07:41,07:45,0%,4,4h 9m,0h 0m,4h 9m,,
29-Aug-2018,Wed,L,08:13,08:23,100%,10,0h 28m,0h 28m,0h 0m,,
29-Aug-2018,Wed,R,08:27,08:32,100%,5,0h 4m,0h 4m,0h 0m,,
29-Aug-2018,Wed,R,09:15,09:20,100%,5,0h 43m,0h 43m,0h 0m,,
29-Aug-2018,Wed,L,09:44,09:51,100%,7,0h 24m,0h 24m,0h 0m,,
29-Aug-2018,Wed,L,10:32,10:38,50%,6,0h 41m,0h 20m,0h 20m,,
29-Aug-2018,Wed,L,11:05,11:14,100%,9,0h 27m,0h 27m,0h 0m,,
29-Aug-2018,Wed,R,15:17,15:37,0%,20,4h 3m,0h 0m,4h 3m,,
29-Aug-2018,Wed,R,16:37,16:42,100%,5,1h 0m,1h 0m,0h 0m,,
29-Aug-2018,Wed,L,16:56,17:04,100%,8,0h 14m,0h 14m,0h 0m,,
29-Aug-2018,Wed,L,17:23,17:29,100%,6,0h 19m,0h 19m,0h 0m,,
29-Aug-2018,Wed,R,18:19,18:23,65%,4,0h 50m,0h 32m,0h 17m,,
29-Aug-2018,Wed,R,18:39,18:53,100%,14,0h 16m,0h 16m,0h 0m,,
29-Aug-2018,Wed,L,20:58,21:06,50%,8,2h 5m,1h 2m,1h 2m,,
29-Aug-2018,Wed,L,21:09,21:29,100%,20,0h 3m,0h 3m,0h 0m,,
30-Aug-2018,Thu,L,02:20,02:25,0%,5,4h 51m,0h 0m,4h 51m,,
30-Aug-2018,Thu,R,02:32,02:45,100%,13,0h 7m,0h 7m,0h 0m,,
30-Aug-2018,Thu,R,03:50,03:55,100%,5,1h 5m,1h 5m,0h 0m,,
30-Aug-2018,Thu,L,06:38,06:58,0%,20,2h 43m,0h 0m,2h 43m,,
30-Aug-2018,Thu,R,08:43,08:56,45%,13,1h 45m,0h 47m,0h 57m,,
30-Aug-2018,Thu,R,11:53,12:10,50%,17,2h 57m,1h 28m,1h 28m,,
30-Aug-2018,Thu,L,12:41,12:51,100%,10,0h 31m,0h 31m,0h 0m,,
30-Aug-2018,Thu,L,13:50,14:10,0%,20,0h 59m,0h 0m,0h 59m,,
30-Aug-2018,Thu,R,15:35,15:42,0%,7,1h 25m,0h 0m,1h 25m,,
30-Aug-2018,Thu,L,15:56,16:00,100%,4,0h 14m,0h 14m,0h 0m,,
30-Aug-2018,Thu,L,16:39,16:43,100%,4,0h 39m,0h 39m,0h 0m,,
30-Aug-2018,Thu,L,17:30,17:31,100%,1,0h 47m,0h 47m,0h 0m,,
30-Aug-2018,Thu,L,17:47,17:49,100%,2,0h 16m,0h 16m,0h 0m,,
30-Aug-2018,Thu,L,17:57,18:04,100%,7,0h 8m,0h 8m,0h 0m,,
30-Aug-2018,Thu,R,21:02,21:18,0%,16,2h 58m,0h 0m,2h 58m,,
30-Aug-2018,Thu,L,21:42,21:50,0%,8,0h 24m,0h 0m,0h 24m,,
30-Aug-2018,Thu,L,22:59,23:05,0%,6,1h 9m,0h 0m,1h 9m,,
31-Aug-2018,Fri,R,02:47,02:51,0%,4,3h 42m,0h 0m,3h 42m,,
31-Aug-2018,Fri,R,03:14,03:30,100%,16,0h 23m,0h 23m,0h 0m,,
31-Aug-2018,Fri,L,03:43,03:47,100%,4,0h 13m,0h 13m,0h 0m,,
31-Aug-2018,Fri,L,04:24,04:27,100%,3,0h 37m,0h 37m,0h 0m,,
31-Aug-2018,Fri,L,07:22,07:24,0%,2,2h 55m,0h 0m,2h 55m,,
31-Aug-2018,Fri,L,07:35,07:44,100%,9,0h 11m,0h 11m,0h 0m,,
31-Aug-2018,Fri,R,08:51,09:05,100%,14,1h 7m,1h 7m,0h 0m,,
31-Aug-2018,Fri,L,09:32,09:37,100%,5,0h 27m,0h 27m,0h 0m,,
31-Aug-2018,Fri,L,10:50,11:05,100%,15,1h 13m,1h 13m,0h 0m,,
31-Aug-2018,Fri,R,11:26,11:31,100%,5,0h 21m,0h 21m,0h 0m,,
31-Aug-2018,Fri,R,14:01,14:12,0%,11,2h 30m,0h 0m,2h 30m,,
31-Aug-2018,Fri,L,15:15,15:17,100%,2,1h 3m,1h 3m,0h 0m,,
31-Aug-2018,Fri,L,16:39,16:44,100%,5,1h 22m,1h 22m,0h 0m,,
31-Aug-2018,Fri,L,18:42,18:54,50%,12,1h 58m,0h 59m,0h 59m,,
31-Aug-2018,Fri,R,20:26,20:39,0%,13,1h 32m,0h 0m,1h 32m,,
31-Aug-2018,Fri,R,22:18,22:28,0%,10,1h 39m,0h 0m,1h 39m,,
31-Aug-2018,Fri,L,22:47,22:55,100%,8,0h 19m,0h 19m,0h 0m,,
1-Sep-2018,Sat,L,03:30,03:47,0%,17,4h 35m,0h 0m,4h 35m,,
1-Sep-2018,Sat,R,07:21,07:26,0%,5,3h 34m,0h 0m,3h 34m,,
1-Sep-2018,Sat,R,07:37,07:40,100%,3,0h 11m,0h 11m,0h 0m,,
1-Sep-2018,Sat,R,08:01,08:08,100%,7,0h 21m,0h 21m,0h 0m,,
1-Sep-2018,Sat,R,08:40,08:48,100%,8,0h 32m,0h 32m,0h 0m,,
1-Sep-2018,Sat,L,10:23,10:37,100%,14,1h 35m,1h 35m,0h 0m,,
1-Sep-2018,Sat,L,11:09,11:11,100%,2,0h 32m,0h 32m,0h 0m,,
1-Sep-2018,Sat,L,13:22,13:26,0%,4,2h 11m,0h 0m,2h 11m,,
1-Sep-2018,Sat,R,13:39,13:53,100%,14,0h 13m,0h 13m,0h 0m,,
1-Sep-2018,Sat,R,15:58,16:10,50%,12,2h 5m,1h 2m,1h 2m,,
1-Sep-2018,Sat,L,16:22,16:34,100%,12,0h 12m,0h 12m,0h 0m,,
1-Sep-2018,Sat,L,19:15,19:32,0%,17,2h 41m,0h 0m,2h 41m,,
1-Sep-2018,Sat,R,21:19,21:29,0%,10,1h 47m,0h 0m,1h 47m,,
1-Sep-2018,Sat,R,21:37,21:41,100%,4,0h 8m,0h 8m,0h 0m,,
1-Sep-2018,Sat,L,22:59,23:14,0%,15,1h 18m,0h 0m,1h 18m,,
2-Sep-2018,Sun,R,02:36,03:00,0%,24,3h 22m,0h 0m,3h 22m,,
2-Sep-2018,Sun,L,04:01,04:10,100%,9,1h 1m,1h 1m,0h 0m,,
2-Sep-2018,Sun,L,08:16,08:30,50%,14,4h 6m,2h 3m,2h 3m,,
2-Sep-2018,Sun,R,09:38,09:51,100%,13,1h 8m,1h 8m,0h 0m,,
2-Sep-2018,Sun,L,11:59,12:11,50%,12,2h 8m,1h 4m,1h 4m,,
2-Sep-2018,Sun,L,13:57,14:06,100%,9,1h 46m,1h 46m,0h 0m,,
2-Sep-2018,Sun,R,14:25,14:33,100%,8,0h 19m,0h 19m,0h 0m,,
2-Sep-2018,Sun,R,18:55,19:11,15%,16,4h 22m,0h 39m,3h 42m,,
2-Sep-2018,Sun,L,19:38,19:40,100%,2,0h 27m,0h 27m,0h 0m,,
2-Sep-2018,Sun,L,21:38,21:50,75%,12,1h 58m,1h 28m,0h 29m,,
2-Sep-2018,Sun,R,23:01,23:08,49%,7,1h 11m,0h 34m,0h 36m,,
3-Sep-2018,Mon,L,03:07,03:17,0%,10,3h 59m,0h 0m,3h 59m,,
3-Sep-2018,Mon,R,05:54,06:06,0%,12,2h 37m,0h 0m,2h 37m,,
3-Sep-2018,Mon,R,08:10,08:13,0%,3,2h 4m,0h 0m,2h 4m,,
3-Sep-2018,Mon,L,09:29,09:34,100%,5,1h 16m,1h 16m,0h 0m,,
3-Sep-2018,Mon,R,12:03,12:11,75%,8,2h 29m,1h 51m,0h 37m,,
3-Sep-2018,Mon,L,15:47,16:00,0%,13,3h 36m,0h 0m,3h 36m,,
3-Sep-2018,Mon,L,17:31,17:34,100%,3,1h 31m,1h 31m,0h 0m,,
3-Sep-2018,Mon,R,18:38,19:18,100%,40,1h 4m,1h 4m,0h 0m,,
3-Sep-2018,Mon,L,20:01,20:03,100%,2,0h 43m,0h 43m,0h 0m,,
3-Sep-2018,Mon,L,22:56,23:02,75%,6,2h 53m,2h 9m,0h 43m,,
3-Sep-2018,Mon,L,23:17,23:22,100%,5,0h 15m,0h 15m,0h 0m,,
4-Sep-2018,Tue,R,03:20,03:31,0%,11,3h 58m,0h 0m,3h 58m,,
4-Sep-2018,Tue,L,07:14,07:20,0%,6,3h 43m,0h 0m,3h 43m,,
4-Sep-2018,Tue,L,08:30,08:31,100%,1,1h 10m,1h 10m,0h 0m,,
4-Sep-2018,Tue,L,09:31,09:43,100%,12,1h 0m,1h 0m,0h 0m,,
4-Sep-2018,Tue,R,10:48,11:02,30%,14,1h 5m,0h 19m,0h 45m,,
4-Sep-2018,Tue,R,12:41,12:48,40%,7,1h 39m,0h 39m,0h 59m,,
4-Sep-2018,Tue,L,14:12,14:17,50%,5,1h 24m,0h 42m,0h 42m,,
4-Sep-2018,Tue,L,17:24,17:38,33%,14,3h 7m,1h 1m,2h 5m,,
4-Sep-2018,Tue,R,17:57,17:59,0%,2,0h 19m,0h 0m,0h 19m,,
4-Sep-2018,Tue,R,19:58,20:03,50%,5,1h 59m,0h 59m,0h 59m,,
4-Sep-2018,Tue,R,21:29,21:31,30%,2,1h 26m,0h 25m,1h 0m,,
4-Sep-2018,Tue,L,22:44,22:49,40%,5,1h 13m,0h 29m,0h 43m,,
4-Sep-2018,Tue,L,23:22,23:40,100%,18,0h 33m,0h 33m,0h 0m,,
5-Sep-2018,Wed,R,04:28,04:44,0%,16,4h 48m,0h 0m,4h 48m,,
5-Sep-2018,Wed,L,07:23,07:36,0%,13,2h 39m,0h 0m,2h 39m,,
5-Sep-2018,Wed,R,08:50,09:01,100%,11,1h 14m,1h 14m,0h 0m,,
5-Sep-2018,Wed,R,10:09,10:22,0%,13,1h 8m,0h 0m,1h 8m,,
5-Sep-2018,Wed,L,10:38,10:41,100%,3,0h 16m,0h 16m,0h 0m,,
5-Sep-2018,Wed,L,10:57,11:04,100%,7,0h 16m,0h 16m,0h 0m,,
5-Sep-2018,Wed,L,13:38,13:50,60%,12,2h 34m,1h 32m,1h 1m,,
5-Sep-2018,Wed,L,14:14,14:15,100%,1,0h 24m,0h 24m,0h 0m,,
5-Sep-2018,Wed,R,16:59,17:15,30%,16,2h 44m,0h 49m,1h 54m,,
5-Sep-2018,Wed,R,17:22,17:32,0%,10,0h 7m,0h 0m,0h 7m,,
5-Sep-2018,Wed,L,18:04,18:08,100%,4,0h 32m,0h 32m,0h 0m,,
5-Sep-2018,Wed,R,21:28,21:31,30%,3,3h 20m,1h 0m,2h 20m,,
5-Sep-2018,Wed,L,21:39,21:43,100%,4,0h 8m,0h 8m,0h 0m,,
5-Sep-2018,Wed,L,23:30,23:52,100%,22,1h 47m,1h 47m,0h 0m,,
6-Sep-2018,Thu,R,04:30,04:35,0%,5,4h 38m,0h 0m,4h 38m,,
6-Sep-2018,Thu,L,07:08,07:14,0%,6,2h 33m,0h 0m,2h 33m,,
6-Sep-2018,Thu,R,07:43,07:45,100%,2,0h 29m,0h 29m,0h 0m,,
6-Sep-2018,Thu,L,08:48,08:53,100%,5,1h 3m,1h 3m,0h 0m,,
6-Sep-2018,Thu,L,09:58,10:13,0%,15,1h 5m,0h 0m,1h 5m,,
6-Sep-2018,Thu,R,13:28,13:35,30%,7,3h 15m,0h 58m,2h 16m,,
6-Sep-2018,Thu,R,14:05,14:07,100%,2,0h 30m,0h 30m,0h 0m,,
6-Sep-2018,Thu,R,14:29,14:31,100%,2,0h 22m,0h 22m,0h 0m,,
6-Sep-2018,Thu,L,14:42,14:43,100%,1,0h 11m,0h 11m,0h 0m,,
6-Sep-2018,Thu,L,14:58,15:02,100%,4,0h 15m,0h 15m,0h 0m,,
6-Sep-2018,Thu,L,18:31,18:48,10%,17,3h 29m,0h 20m,3h 8m,,
6-Sep-2018,Thu,R,20:03,20:09,40%,6,1h 15m,0h 30m,0h 45m,,
6-Sep-2018,Thu,R,21:16,21:18,50%,2,1h 7m,0h 33m,0h 33m,,
6-Sep-2018,Thu,R,23:02,23:30,40%,28,1h 44m,0h 41m,1h 2m,,
7-Sep-2018,Fri,L,03:05,03:09,0%,4,3h 35m,0h 0m,3h 35m,,
7-Sep-2018,Fri,L,03:30,03:33,100%,3,0h 21m,0h 21m,0h 0m,,
7-Sep-2018,Fri,L,03:38,03:40,100%,2,0h 5m,0h 5m,0h 0m,,
7-Sep-2018,Fri,R,06:50,06:58,0%,8,3h 10m,0h 0m,3h 10m,,
7-Sep-2018,Fri,R,08:12,08:23,0%,11,1h 14m,0h 0m,1h 14m,,
7-Sep-2018,Fri,L,09:19,09:21,100%,2,0h 56m,0h 56m,0h 0m,,
7-Sep-2018,Fri,L,10:00,10:02,100%,2,0h 39m,0h 39m,0h 0m,,
7-Sep-2018,Fri,L,10:34,10:43,100%,9,0h 32m,0h 32m,0h 0m,,
7-Sep-2018,Fri,L,11:22,11:32,0%,10,0h 39m,0h 0m,0h 39m,,
7-Sep-2018,Fri,R,12:13,12:15,100%,2,0h 41m,0h 41m,0h 0m,,
7-Sep-2018,Fri,R,14:32,14:54,10%,22,2h 17m,0h 13m,2h 3m,,
7-Sep-2018,Fri,L,18:07,18:13,20%,6,3h 13m,0h 38m,2h 34m,,
7-Sep-2018,Fri,L,18:18,18:30,100%,12,0h 5m,0h 5m,0h 0m,,
7-Sep-2018,Fri,R,20:52,20:57,35%,5,2h 22m,0h 49m,1h 32m,,
7-Sep-2018,Fri,R,21:13,21:15,100%,2,0h 16m,0h 16m,0h 0m,,
7-Sep-2018,Fri,R,21:20,21:30,100%,10,0h 5m,0h 5m,0h 0m,,
7-Sep-2018,Fri,L,23:10,23:24,40%,14,1h 40m,0h 40m,1h 0m,,
8-Sep-2018,Sat,R,06:27,06:45,0%,18,7h 3m,0h 0m,7h 3m,,
8-Sep-2018,Sat,L,08:34,08:37,0%,3,1h 49m,0h 0m,1h 49m,,
8-Sep-2018,Sat,L,09:12,09:15,100%,3,0h 35m,0h 35m,0h 0m,,
8-Sep-2018,Sat,L,10:56,11:05,0%,9,1h 41m,0h 0m,1h 41m,,
8-Sep-2018,Sat,R,11:28,11:30,100%,2,0h 23m,0h 23m,0h 0m,,
8-Sep-2018,Sat,R,11:51,12:00,100%,9,0h 21m,0h 21m,0h 0m,,
8-Sep-2018,Sat,R,12:08,12:13,100%,5,0h 8m,0h 8m,0h 0m,,
8-Sep-2018,Sat,L,12:42,12:45,100%,3,0h 29m,0h 29m,0h 0m,,
8-Sep-2018,Sat,L,14:20,14:27,0%,7,1h 35m,0h 0m,1h 35m,,
8-Sep-2018,Sat,R,14:33,14:37,0%,4,0h 6m,0h 0m,0h 6m,,
8-Sep-2018,Sat,R,15:06,15:09,100%,3,0h 29m,0h 29m,0h 0m,,
8-Sep-2018,Sat,R,15:25,15:30,100%,5,0h 16m,0h 16m,0h 0m,,
8-Sep-2018,Sat,L,17:38,17:46,12%,8,2h 8m,0h 15m,1h 52m,,
8-Sep-2018,Sat,L,18:37,18:41,100%,4,0h 51m,0h 51m,0h 0m,,
8-Sep-2018,Sat,R,19:48,20:06,100%,18,1h 7m,1h 7m,0h 0m,,
8-Sep-2018,Sat,L,20:59,21:09,100%,10,0h 53m,0h 53m,0h 0m,,
8-Sep-2018,Sat,L,21:30,21:39,100%,9,0h 21m,0h 21m,0h 0m,,
8-Sep-2018,Sat,R,23:24,23:45,0%,21,1h 45m,0h 0m,1h 45m,,
9-Sep-2018,Sun,L,04:59,05:15,0%,16,5h 14m,0h 0m,5h 14m,,
9-Sep-2018,Sun,L,07:55,08:07,0%,12,2h 40m,0h 0m,2h 40m,,
9-Sep-2018,Sun,R,09:16,09:23,0%,7,1h 9m,0h 0m,1h 9m,,
9-Sep-2018,Sun,R,10:09,10:15,100%,6,0h 46m,0h 46m,0h 0m,,
9-Sep-2018,Sun,L,12:04,12:06,40%,2,1h 49m,0h 43m,1h 5m,,
9-Sep-2018,Sun,L,12:16,12:22,100%,6,0h 10m,0h 10m,0h 0m,,
9-Sep-2018,Sun,L,12:40,12:46,100%,6,0h 18m,0h 18m,0h 0m,,
9-Sep-2018,Sun,R,13:39,13:43,100%,4,0h 53m,0h 53m,0h 0m,,
9-Sep-2018,Sun,R,14:48,14:56,100%,8,1h 5m,1h 5m,0h 0m,,
9-Sep-2018,Sun,L,15:35,15:40,100%,5,0h 39m,0h 39m,0h 0m,,
9-Sep-2018,Sun,L,16:04,16:11,100%,7,0h 24m,0h 24m,0h 0m,,
9-Sep-2018,Sun,R,18:21,18:36,25%,15,2h 10m,0h 32m,1h 37m,,
9-Sep-2018,Sun,L,22:13,22:35,35%,22,3h 37m,1h 15m,2h 21m,,
9-Sep-2018,Sun,R,23:01,23:15,100%,14,0h 26m,0h 26m,0h 0m,,
10-Sep-2018,Mon,L,05:19,05:28,0%,9,6h 4m,0h 0m,6h 4m,,
10-Sep-2018,Mon,R,07:07,07:12,0%,5,1h 39m,0h 0m,1h 39m,,
10-Sep-2018,Mon,R,09:06,09:11,0%,5,1h 54m,0h 0m,1h 54m,,
10-Sep-2018,Mon,R,09:30,09:35,100%,5,0h 19m,0h 19m,0h 0m,,
10-Sep-2018,Mon,R,10:05,10:12,100%,7,0h 30m,0h 30m,0h 0m,,
10-Sep-2018,Mon,L,11:24,11:28,100%,4,1h 12m,1h 12m,0h 0m,,
10-Sep-2018,Mon,L,13:18,13:22,40%,4,1h 50m,0h 44m,1h 6m,,
10-Sep-2018,Mon,L,13:47,14:22,100%,35,0h 25m,0h 25m,0h 0m,,
10-Sep-2018,Mon,R,16:07,16:15,15%,8,1h 45m,0h 15m,1h 29m,,
10-Sep-2018,Mon,R,16:28,16:36,100%,8,0h 13m,0h 13m,0h 0m,,
10-Sep-2018,Mon,R,18:53,19:02,20%,9,2h 17m,0h 27m,1h 49m,,
10-Sep-2018,Mon,L,19:04,19:07,100%,3,0h 2m,0h 2m,0h 0m,,
10-Sep-2018,Mon,L,20:22,20:27,45%,5,1h 15m,0h 33m,0h 41m,,
10-Sep-2018,Mon,B,22:00,22:05,50%,5,1h 33m,0h 46m,0h 46m,express then sleep,
11-Sep-2018,Tue,R,03:30,03:39,20%,9,5h 25m,1h 5m,4h 20m,,
11-Sep-2018,Tue,L,03:49,03:50,100%,1,0h 10m,0h 10m,0h 0m,,
11-Sep-2018,Tue,L,07:05,07:14,10%,9,3h 15m,0h 19m,2h 55m,,
11-Sep-2018,Tue,R,08:12,08:25,25%,13,0h 58m,0h 14m,0h 43m,,
11-Sep-2018,Tue,L,08:43,08:45,100%,2,0h 18m,0h 18m,0h 0m,,
11-Sep-2018,Tue,L,09:11,09:13,100%,2,0h 26m,0h 26m,0h 0m,,
11-Sep-2018,Tue,L,10:03,10:08,100%,5,0h 50m,0h 50m,0h 0m,,
11-Sep-2018,Tue,R,10:41,10:44,40%,3,0h 33m,0h 13m,0h 19m,,
11-Sep-2018,Tue,R,10:55,11:00,100%,5,0h 11m,0h 11m,0h 0m,,
11-Sep-2018,Tue,L,12:48,12:57,45%,9,1h 48m,0h 48m,0h 59m,,
11-Sep-2018,Tue,R,16:16,16:33,45%,17,3h 19m,1h 29m,1h 49m,,
11-Sep-2018,Tue,R,16:58,17:04,100%,6,0h 25m,0h 25m,0h 0m,,
11-Sep-2018,Tue,L,17:50,17:55,100%,5,0h 46m,0h 46m,0h 0m,,
11-Sep-2018,Tue,L,19:12,19:15,60%,3,1h 17m,0h 46m,0h 30m,,
11-Sep-2018,Tue,R,19:23,19:24,100%,1,0h 8m,0h 8m,0h 0m,,
11-Sep-2018,Tue,R,20:39,20:44,100%,5,1h 15m,1h 15m,0h 0m,,
11-Sep-2018,Tue,L,23:18,23:28,60%,10,2h 34m,1h 32m,1h 1m,,
12-Sep-2018,Wed,R,05:21,05:25,0%,4,5h 53m,0h 0m,5h 53m,,
12-Sep-2018,Wed,L,06:51,06:55,0%,4,1h 26m,0h 0m,1h 26m,,
12-Sep-2018,Wed,L,09:02,09:22,0%,20,2h 7m,0h 0m,2h 7m,,
12-Sep-2018,Wed,R,11:45,11:57,100%,12,2h 23m,2h 23m,0h 0m,,
12-Sep-2018,Wed,L,14:19,14:27,40%,8,2h 22m,0h 56m,1h 25m,,
12-Sep-2018,Wed,L,16:25,16:31,50%,6,1h 58m,0h 59m,0h 59m,,
12-Sep-2018,Wed,R,16:37,16:44,100%,7,0h 6m,0h 6m,0h 0m,,
12-Sep-2018,Wed,R,18:47,19:03,25%,16,2h 3m,0h 30m,1h 32m,,
12-Sep-2018,Wed,B,22:30,22:35,30%,5,3h 27m,1h 2m,2h 24m,express,
13-Sep-2018,Thu,R,02:25,02:36,20%,11,3h 50m,0h 46m,3h 4m,,
13-Sep-2018,Thu,L,05:14,05:15,0%,1,2h 38m,0h 0m,2h 38m,,
13-Sep-2018,Thu,L,06:25,06:31,0%,6,1h 10m,0h 0m,1h 10m,,
13-Sep-2018,Thu,R,07:42,07:47,100%,5,1h 11m,1h 11m,0h 0m,,
13-Sep-2018,Thu,L,08:50,09:00,100%,10,1h 3m,1h 3m,0h 0m,,
13-Sep-2018,Thu,R,09:52,09:57,40%,5,0h 52m,0h 20m,0h 31m,,
13-Sep-2018,Thu,L,12:57,13:04,30%,7,3h 0m,0h 54m,2h 6m,,
13-Sep-2018,Thu,L,13:22,13:26,100%,4,0h 18m,0h 18m,0h 0m,,
13-Sep-2018,Thu,R,15:25,15:39,50%,14,1h 59m,0h 59m,0h 59m,,
13-Sep-2018,Thu,L,17:39,17:47,100%,8,2h 0m,2h 0m,0h 0m,,
13-Sep-2018,Thu,R,19:16,19:27,60%,11,1h 29m,0h 53m,0h 35m,,
13-Sep-2018,Thu,L,19:35,19:44,100%,9,0h 8m,0h 8m,0h 0m,,
13-Sep-2018,Thu,R,20:24,20:26,100%,2,0h 40m,0h 40m,0h 0m,,
13-Sep-2018,Thu,R,23:26,23:33,35%,7,3h 0m,1h 3m,1h 57m,,
13-Sep-2018,Thu,L,23:37,23:59,100%,22,0h 4m,0h 4m,0h 0m,,
14-Sep-2018,Fri,R,05:05,05:15,0%,10,5h 6m,0h 0m,5h 6m,,
14-Sep-2018,Fri,R,05:36,05:44,100%,8,0h 21m,0h 21m,0h 0m,,
14-Sep-2018,Fri,L,05:47,05:50,100%,3,0h 3m,0h 3m,0h 0m,,
14-Sep-2018,Fri,L,05:56,05:58,100%,2,0h 6m,0h 6m,0h 0m,,
14-Sep-2018,Fri,L,08:34,08:47,25%,13,2h 36m,0h 39m,1h 57m,,
14-Sep-2018,Fri,R,11:11,11:31,80%,20,2h 24m,1h 55m,0h 28m,,
14-Sep-2018,Fri,L,15:06,15:15,15%,9,3h 35m,0h 32m,3h 2m,,
14-Sep-2018,Fri,R,16:08,16:11,100%,3,0h 53m,0h 53m,0h 0m,,
14-Sep-2018,Fri,R,17:19,17:49,30%,30,1h 8m,0h 20m,0h 47m,,
14-Sep-2018,Fri,L,18:06,18:14,100%,8,0h 17m,0h 17m,0h 0m,,
14-Sep-2018,Fri,L,18:43,18:45,100%,2,0h 29m,0h 29m,0h 0m,,
14-Sep-2018,Fri,L,18:59,19:01,100%,2,0h 14m,0h 14m,0h 0m,,
14-Sep-2018,Fri,L,20:50,21:05,0%,15,1h 49m,0h 0m,1h 49m,,
14-Sep-2018,Fri,R,22:45,23:05,0%,20,1h 40m,0h 0m,1h 40m,,
14-Sep-2018,Fri,L,23:22,23:24,100%,2,0h 17m,0h 17m,0h 0m,,
15-Sep-2018,Sat,L,03:19,03:36,25%,17,3h 55m,0h 58m,2h 56m,,
15-Sep-2018,Sat,R,06:26,06:46,0%,20,2h 50m,0h 0m,2h 50m,,
15-Sep-2018,Sat,L,07:19,07:25,100%,6,0h 33m,0h 33m,0h 0m,,
15-Sep-2018,Sat,L,09:51,09:57,100%,6,2h 26m,2h 26m,0h 0m,,
15-Sep-2018,Sat,R,11:22,11:31,70%,9,1h 25m,0h 59m,0h 25m,,
15-Sep-2018,Sat,L,13:31,13:36,0%,5,2h 0m,0h 0m,2h 0m,,
15-Sep-2018,Sat,L,13:52,13:56,100%,4,0h 16m,0h 16m,0h 0m,,
15-Sep-2018,Sat,R,14:03,14:06,100%,3,0h 7m,0h 7m,0h 0m,,
15-Sep-2018,Sat,B,16:55,17:06,27%,11,2h 49m,0h 45m,2h 3m,50ml,
15-Sep-2018,Sat,B,17:50,17:54,100%,4,0h 44m,0h 44m,0h 0m,20ml,
15-Sep-2018,Sat,B,17:57,18:00,100%,3,0h 3m,0h 3m,0h 0m,15ml,
15-Sep-2018,Sat,B,18:08,18:14,100%,6,0h 8m,0h 8m,0h 0m,25ml,
15-Sep-2018,Sat,B,19:02,19:15,35%,13,0h 48m,0h 16m,0h 31m,60ml,
15-Sep-2018,Sat,L,21:12,21:14,25%,2,1h 57m,0h 29m,1h 27m,,
15-Sep-2018,Sat,R,23:28,23:40,0%,12,2h 14m,0h 0m,2h 14m,,
15-Sep-2018,Sat,R,23:52,23:59,100%,7,0h 12m,0h 12m,0h 0m,,
16-Sep-2018,Sun,L,02:46,02:57,0%,11,2h 47m,0h 0m,2h 47m,,
16-Sep-2018,Sun,R,06:36,06:55,0%,19,3h 39m,0h 0m,3h 39m,,
16-Sep-2018,Sun,L,08:02,08:05,100%,3,1h 7m,1h 7m,0h 0m,,
16-Sep-2018,Sun,L,09:36,09:41,100%,5,1h 31m,1h 31m,0h 0m,,
16-Sep-2018,Sun,L,10:26,10:40,100%,14,0h 45m,0h 45m,0h 0m,,
16-Sep-2018,Sun,R,12:21,12:27,40%,6,1h 41m,0h 40m,1h 0m,,
16-Sep-2018,Sun,R,12:36,12:39,100%,3,0h 9m,0h 9m,0h 0m,,
16-Sep-2018,Sun,R,13:00,13:09,0%,9,0h 21m,0h 0m,0h 21m,,
16-Sep-2018,Sun,L,15:58,16:08,30%,10,2h 49m,0h 50m,1h 58m,,
16-Sep-2018,Sun,L,17:41,17:46,0%,5,1h 33m,0h 0m,1h 33m,,
16-Sep-2018,Sun,R,19:49,19:57,50%,8,2h 3m,1h 1m,1h 1m,,
16-Sep-2018,Sun,R,22:02,22:08,0%,6,2h 5m,0h 0m,2h 5m,,
16-Sep-2018,Sun,R,22:18,22:20,0%,2,0h 10m,0h 0m,0h 10m,,
17-Sep-2018,Mon,L,00:09,00:42,0%,33,1h 49m,0h 0m,1h 49m,,
17-Sep-2018,Mon,R,06:43,06:53,0%,10,6h 1m,0h 0m,6h 1m,,
17-Sep-2018,Mon,L,09:24,09:26,50%,2,2h 31m,1h 15m,1h 15m,,
17-Sep-2018,Mon,L,10:14,10:24,100%,10,0h 48m,0h 48m,0h 0m,,
17-Sep-2018,Mon,L,11:13,11:22,0%,9,0h 49m,0h 0m,0h 49m,,
17-Sep-2018,Mon,R,13:10,13:30,100%,20,1h 48m,1h 48m,0h 0m,,
17-Sep-2018,Mon,R,13:46,13:55,0%,9,0h 16m,0h 0m,0h 16m,,
17-Sep-2018,Mon,R,14:30,14:40,100%,10,0h 35m,0h 35m,0h 0m,,
17-Sep-2018,Mon,L,18:11,18:21,0%,10,3h 31m,0h 0m,3h 31m,,
17-Sep-2018,Mon,R,20:38,20:47,33%,9,2h 17m,0h 45m,1h 31m,,
17-Sep-2018,Mon,R,23:14,23:31,49%,17,2h 27m,1h 12m,1h 14m,,
18-Sep-2018,Tue,L,04:36,04:41,0%,5,5h 5m,0h 0m,5h 5m,,
18-Sep-2018,Tue,L,05:10,05:15,100%,5,0h 29m,0h 29m,0h 0m,,
18-Sep-2018,Tue,R,07:08,07:11,48%,3,1h 53m,0h 54m,0h 58m,,
18-Sep-2018,Tue,R,08:27,08:33,40%,6,1h 16m,0h 30m,0h 45m,,
18-Sep-2018,Tue,R,09:14,09:25,0%,11,0h 41m,0h 0m,0h 41m,,
18-Sep-2018,Tue,L,11:32,11:44,48%,12,2h 7m,1h 0m,1h 6m,,
18-Sep-2018,Tue,L,13:35,13:42,46%,7,1h 51m,0h 50m,1h 0m,,
18-Sep-2018,Tue,R,14:32,14:34,0%,2,0h 50m,0h 0m,0h 50m,,
18-Sep-2018,Tue,R,15:05,15:08,0%,3,0h 31m,0h 0m,0h 31m,,
18-Sep-2018,Tue,L,19:50,19:54,15%,4,4h 42m,0h 40m,4h 1m,,
18-Sep-2018,Tue,L,20:41,20:51,0%,10,0h 47m,0h 0m,0h 47m,,
18-Sep-2018,Tue,R,21:48,21:52,0%,4,0h 57m,0h 0m,0h 57m,,
18-Sep-2018,Tue,R,22:30,22:49,50%,19,0h 38m,0h 19m,0h 19m,,
19-Sep-2018,Wed,L,04:04,04:13,0%,9,5h 15m,0h 0m,5h 15m,,
19-Sep-2018,Wed,L,05:01,05:08,100%,7,0h 48m,0h 48m,0h 0m,,
19-Sep-2018,Wed,R,06:50,07:02,40%,12,1h 42m,0h 40m,1h 1m,,
19-Sep-2018,Wed,R,08:35,08:41,33%,6,1h 33m,0h 30m,1h 2m,,
19-Sep-2018,Wed,L,09:39,09:47,18%,8,0h 58m,0h 10m,0h 47m,,
19-Sep-2018,Wed,L,11:06,11:16,100%,10,1h 19m,1h 19m,0h 0m,,
19-Sep-2018,Wed,R,15:32,15:50,0%,18,4h 16m,0h 0m,4h 16m,,
19-Sep-2018,Wed,L,17:18,17:24,78%,6,1h 28m,1h 8m,0h 19m,,
19-Sep-2018,Wed,L,17:40,17:42,100%,2,0h 16m,0h 16m,0h 0m,,
19-Sep-2018,Wed,L,18:08,18:16,100%,8,0h 26m,0h 26m,0h 0m,,
19-Sep-2018,Wed,L,19:41,19:50,71%,9,1h 25m,1h 0m,0h 24m,,
19-Sep-2018,Wed,R,20:32,20:38,100%,6,0h 42m,0h 42m,0h 0m,,
19-Sep-2018,Wed,L,21:48,21:58,86%,10,1h 10m,1h 0m,0h 9m,,
20-Sep-2018,Thu,R,00:06,00:15,22%,9,2h 8m,0h 28m,1h 39m,,
20-Sep-2018,Thu,R,04:17,04:25,0%,8,4h 2m,0h 0m,4h 2m,,
20-Sep-2018,Thu,L,04:48,04:54,100%,6,0h 23m,0h 23m,0h 0m,,
20-Sep-2018,Thu,L,07:55,07:56,9%,1,3h 1m,0h 15m,2h 45m,,
20-Sep-2018,Thu,L,08:24,08:32,100%,8,0h 28m,0h 28m,0h 0m,,
20-Sep-2018,Thu,R,09:59,10:10,0%,11,1h 27m,0h 0m,1h 27m,,
20-Sep-2018,Thu,R,11:37,11:45,50%,8,1h 27m,0h 43m,0h 43m,,
20-Sep-2018,Thu,L,16:11,16:21,10%,10,4h 26m,0h 25m,4h 0m,,
20-Sep-2018,Thu,R,17:33,17:35,100%,2,1h 12m,1h 12m,0h 0m,,
20-Sep-2018,Thu,L,18:13,18:16,100%,3,0h 38m,0h 38m,0h 0m,,
20-Sep-2018,Thu,R,19:34,20:05,100%,31,1h 18m,1h 18m,0h 0m,,
20-Sep-2018,Thu,L,20:31,20:40,100%,9,0h 26m,0h 26m,0h 0m,,
20-Sep-2018,Thu,L,21:15,21:21,100%,6,0h 35m,0h 35m,0h 0m,,
20-Sep-2018,Thu,R,22:45,22:47,100%,2,1h 24m,1h 24m,0h 0m,,
21-Sep-2018,Fri,R,05:12,05:20,0%,8,6h 25m,0h 0m,6h 25m,,
21-Sep-2018,Fri,L,05:32,05:42,100%,10,0h 12m,0h 12m,0h 0m,,
21-Sep-2018,Fri,R,08:43,08:55,25%,12,3h 1m,0h 45m,2h 15m,,
21-Sep-2018,Fri,L,09:43,09:50,100%,7,0h 48m,0h 48m,0h 0m,,
21-Sep-2018,Fri,L,11:34,11:40,73%,6,1h 44m,1h 15m,0h 28m,,
21-Sep-2018,Fri,R,13:50,13:58,54%,8,2h 10m,1h 10m,0h 59m,,
21-Sep-2018,Fri,L,14:35,14:40,100%,5,0h 37m,0h 37m,0h 0m,,
21-Sep-2018,Fri,L,16:05,16:06,0%,1,1h 25m,0h 0m,1h 25m,,
21-Sep-2018,Fri,R,17:37,17:41,0%,4,1h 31m,0h 0m,1h 31m,,
21-Sep-2018,Fri,R,20:03,20:16,43%,13,2h 22m,1h 0m,1h 21m,,
21-Sep-2018,Fri,L,22:12,22:17,76%,5,1h 56m,1h 28m,0h 27m,,
21-Sep-2018,Fri,L,22:36,22:40,100%,4,0h 19m,0h 19m,0h 0m,,
21-Sep-2018,Fri,L,23:19,23:24,100%,5,0h 39m,0h 39m,0h 0m,,
22-Sep-2018,Sat,R,05:25,05:37,0%,12,6h 1m,0h 0m,6h 1m,,
22-Sep-2018,Sat,L,08:59,09:17,0%,18,3h 22m,0h 0m,3h 22m,,
22-Sep-2018,Sat,L,10:31,10:42,100%,11,1h 14m,1h 14m,0h 0m,,
22-Sep-2018,Sat,R,14:14,14:26,0%,12,3h 32m,0h 0m,3h 32m,,
22-Sep-2018,Sat,R,14:57,15:04,100%,7,0h 31m,0h 31m,0h 0m,,
22-Sep-2018,Sat,L,15:38,15:39,100%,1,0h 34m,0h 34m,0h 0m,,
22-Sep-2018,Sat,L,16:23,16:26,100%,3,0h 44m,0h 44m,0h 0m,,
22-Sep-2018,Sat,L,17:48,17:59,50%,11,1h 22m,0h 41m,0h 41m,,
22-Sep-2018,Sat,R,18:49,18:56,100%,7,0h 50m,0h 50m,0h 0m,,
22-Sep-2018,Sat,R,20:25,20:33,68%,8,1h 29m,1h 0m,0h 28m,,
22-Sep-2018,Sat,L,21:48,22:09,100%,21,1h 15m,1h 15m,0h 0m,,
22-Sep-2018,Sat,R,23:03,23:10,100%,7,0h 54m,0h 54m,0h 0m,,
23-Sep-2018,Sun,L,04:35,04:45,0%,10,5h 25m,0h 0m,5h 25m,,
23-Sep-2018,Sun,R,08:25,08:39,18%,14,3h 40m,0h 39m,3h 0m,,
23-Sep-2018,Sun,L,09:04,09:06,100%,2,0h 25m,0h 25m,0h 0m,,
23-Sep-2018,Sun,L,10:36,10:41,34%,5,1h 30m,0h 30m,0h 59m,,
23-Sep-2018,Sun,L,10:57,11:00,100%,3,0h 16m,0h 16m,0h 0m,,
23-Sep-2018,Sun,L,13:08,13:13,47%,5,2h 8m,1h 0m,1h 7m,,
23-Sep-2018,Sun,R,14:24,14:32,100%,8,1h 11m,1h 11m,0h 0m,,
23-Sep-2018,Sun,R,18:09,18:42,0%,33,3h 37m,0h 0m,3h 37m,,
23-Sep-2018,Sun,L,20:21,20:28,100%,7,1h 39m,1h 39m,0h 0m,,
23-Sep-2018,Sun,L,21:43,21:45,100%,2,1h 15m,1h 15m,0h 0m,,
24-Sep-2018,Mon,R,03:09,03:19,0%,10,5h 24m,0h 0m,5h 24m,,
24-Sep-2018,Mon,L,05:49,05:51,0%,2,2h 30m,0h 0m,2h 30m,,
24-Sep-2018,Mon,L,07:20,07:26,0%,6,1h 29m,0h 0m,1h 29m,,
24-Sep-2018,Mon,R,10:16,10:26,71%,10,2h 50m,2h 0m,0h 49m,,
24-Sep-2018,Mon,L,11:30,11:34,100%,4,1h 4m,1h 4m,0h 0m,,
24-Sep-2018,Mon,L,12:47,12:52,45%,5,1h 13m,0h 32m,0h 40m,,
24-Sep-2018,Mon,R,15:57,16:06,0%,9,3h 5m,0h 0m,3h 5m,,
24-Sep-2018,Mon,R,16:37,16:45,100%,8,0h 31m,0h 31m,0h 0m,,
24-Sep-2018,Mon,L,18:30,18:38,58%,8,1h 45m,1h 0m,0h 44m,,
24-Sep-2018,Mon,L,20:16,20:21,100%,5,1h 38m,1h 38m,0h 0m,,
24-Sep-2018,Mon,R,21:08,21:13,100%,5,0h 47m,0h 47m,0h 0m,,
24-Sep-2018,Mon,R,21:40,21:47,100%,7,0h 27m,0h 27m,0h 0m,,
24-Sep-2018,Mon,L,22:56,23:11,100%,15,1h 9m,1h 9m,0h 0m,,
25-Sep-2018,Tue,R,03:49,03:54,0%,5,4h 38m,0h 0m,4h 38m,,
25-Sep-2018,Tue,R,04:08,04:26,100%,18,0h 14m,0h 14m,0h 0m,,
25-Sep-2018,Tue,L,06:50,07:00,0%,10,2h 24m,0h 0m,2h 24m,,
25-Sep-2018,Tue,L,08:41,08:50,0%,9,1h 41m,0h 0m,1h 41m,,
25-Sep-2018,Tue,R,10:56,11:11,50%,15,2h 6m,1h 3m,1h 3m,,
25-Sep-2018,Tue,L,11:33,11:38,100%,5,0h 22m,0h 22m,0h 0m,,
25-Sep-2018,Tue,L,12:54,12:58,75%,4,1h 16m,0h 57m,0h 19m,,
25-Sep-2018,Tue,L,14:18,14:28,75%,10,1h 20m,1h 0m,0h 20m,,
25-Sep-2018,Tue,R,16:12,16:20,30%,8,1h 44m,0h 31m,1h 12m,,
25-Sep-2018,Tue,R,16:35,16:41,100%,6,0h 15m,0h 15m,0h 0m,,
25-Sep-2018,Tue,L,17:16,17:21,100%,5,0h 35m,0h 35m,0h 0m,,
25-Sep-2018,Tue,L,19:45,19:53,85%,8,2h 24m,2h 2m,0h 21m,,
25-Sep-2018,Tue,R,21:21,21:31,100%,10,1h 28m,1h 28m,0h 0m,,
25-Sep-2018,Tue,L,21:51,22:03,100%,12,0h 20m,0h 20m,0h 0m,,
25-Sep-2018,Tue,L,22:26,22:28,100%,2,0h 23m,0h 23m,0h 0m,,
26-Sep-2018,Wed,R,04:11,04:16,0%,5,5h 43m,0h 0m,5h 43m,,
26-Sep-2018,Wed,R,04:25,04:30,100%,5,0h 9m,0h 9m,0h 0m,,
26-Sep-2018,Wed,L,08:55,09:00,25%,5,4h 25m,1h 6m,3h 18m,,
26-Sep-2018,Wed,L,09:55,10:06,100%,11,0h 55m,0h 55m,0h 0m,,
26-Sep-2018,Wed,L,11:44,11:55,60%,11,1h 38m,0h 58m,0h 39m,,
26-Sep-2018,Wed,R,15:11,15:23,10%,12,3h 16m,0h 19m,2h 56m,sleeping out,
26-Sep-2018,Wed,R,16:19,16:23,45%,4,0h 56m,0h 25m,0h 30m,,
26-Sep-2018,Wed,L,19:38,19:41,25%,3,3h 15m,0h 48m,2h 26m,,
26-Sep-2018,Wed,L,20:08,20:17,100%,9,0h 27m,0h 27m,0h 0m,,
26-Sep-2018,Wed,R,21:51,22:14,100%,23,1h 34m,1h 34m,0h 0m,,
27-Sep-2018,Thu,L,03:40,03:52,0%,12,5h 26m,0h 0m,5h 26m,,
27-Sep-2018,Thu,L,05:15,05:20,0%,5,1h 23m,0h 0m,1h 23m,,
27-Sep-2018,Thu,R,08:30,08:40,0%,10,3h 10m,0h 0m,3h 10m,,
27-Sep-2018,Thu,L,10:16,10:21,100%,5,1h 36m,1h 36m,0h 0m,,
27-Sep-2018,Thu,R,12:03,12:07,15%,4,1h 42m,0h 15m,1h 26m,,
27-Sep-2018,Thu,R,14:36,14:47,75%,11,2h 29m,1h 51m,0h 37m,,
27-Sep-2018,Thu,L,17:52,18:01,80%,9,3h 5m,2h 28m,0h 37m,,
27-Sep-2018,Thu,L,19:58,20:06,100%,8,1h 57m,1h 57m,0h 0m,,
27-Sep-2018,Thu,R,22:22,22:30,65%,8,2h 16m,1h 28m,0h 47m,,
27-Sep-2018,Thu,R,22:43,22:46,0%,3,0h 13m,0h 0m,0h 13m,,
28-Sep-2018,Fri,L,03:39,03:49,0%,10,4h 53m,0h 0m,4h 53m,,
28-Sep-2018,Fri,L,08:24,08:31,10%,7,4h 35m,0h 27m,4h 7m,,
28-Sep-2018,Fri,R,09:42,09:47,100%,5,1h 11m,1h 11m,0h 0m,,
28-Sep-2018,Fri,R,11:38,11:47,75%,9,1h 51m,1h 23m,0h 27m,,
28-Sep-2018,Fri,R,13:32,13:49,100%,17,1h 45m,1h 45m,0h 0m,,
28-Sep-2018,Fri,L,15:12,15:17,30%,5,1h 23m,0h 24m,0h 58m,,
28-Sep-2018,Fri,L,17:45,17:54,60%,9,2h 28m,1h 28m,0h 59m,,
28-Sep-2018,Fri,R,18:46,18:55,100%,9,0h 52m,0h 52m,0h 0m,,
28-Sep-2018,Fri,L,22:54,23:01,25%,7,3h 59m,0h 59m,2h 59m,,
28-Sep-2018,Fri,L,23:14,23:18,100%,4,0h 13m,0h 13m,0h 0m,,
29-Sep-2018,Sat,R,02:15,02:18,0%,3,2h 57m,0h 0m,2h 57m,,
29-Sep-2018,Sat,R,04:26,04:33,0%,7,2h 8m,0h 0m,2h 8m,,
29-Sep-2018,Sat,L,07:04,07:13,0%,9,2h 31m,0h 0m,2h 31m,,
29-Sep-2018,Sat,L,09:09,09:14,25%,5,1h 56m,0h 29m,1h 27m,,
29-Sep-2018,Sat,R,10:44,10:52,100%,8,1h 30m,1h 30m,0h 0m,,
29-Sep-2018,Sat,R,11:55,12:00,50%,5,1h 3m,0h 31m,0h 31m,,
29-Sep-2018,Sat,L,12:36,12:41,100%,5,0h 36m,0h 36m,0h 0m,,
29-Sep-2018,Sat,L,13:55,14:04,100%,9,1h 14m,1h 14m,0h 0m,,
29-Sep-2018,Sat,L,15:10,15:15,100%,5,1h 6m,1h 6m,0h 0m,,
29-Sep-2018,Sat,R,15:17,15:22,100%,5,0h 2m,0h 2m,0h 0m,,
29-Sep-2018,Sat,L,17:42,17:52,0%,10,2h 20m,0h 0m,2h 20m,,
29-Sep-2018,Sat,R,18:22,18:27,0%,5,0h 30m,0h 0m,0h 30m,,
29-Sep-2018,Sat,R,19:36,19:39,100%,3,1h 9m,1h 9m,0h 0m,,
29-Sep-2018,Sat,L,20:44,20:53,100%,9,1h 5m,1h 5m,0h 0m,,
29-Sep-2018,Sat,L,21:35,21:37,100%,2,0h 42m,0h 42m,0h 0m,,
29-Sep-2018,Sat,R,22:14,22:19,100%,5,0h 37m,0h 37m,0h 0m,,
29-Sep-2018,Sat,R,22:25,22:32,100%,7,0h 6m,0h 6m,0h 0m,,
30-Sep-2018,Sun,L,02:20,02:29,0%,9,3h 48m,0h 0m,3h 48m,,
30-Sep-2018,Sun,R,05:15,05:26,0%,11,2h 46m,0h 0m,2h 46m,,
30-Sep-2018,Sun,L,07:14,07:16,0%,2,1h 48m,0h 0m,1h 48m,,
30-Sep-2018,Sun,R,09:42,09:55,0%,13,2h 26m,0h 0m,2h 26m,,
30-Sep-2018,Sun,L,10:49,10:55,100%,6,0h 54m,0h 54m,0h 0m,,
30-Sep-2018,Sun,L,12:38,12:44,75%,6,1h 43m,1h 17m,0h 25m,,
30-Sep-2018,Sun,R,13:41,13:53,100%,12,0h 57m,0h 57m,0h 0m,,
30-Sep-2018,Sun,L,15:24,15:36,30%,12,1h 31m,0h 27m,1h 3m,,
30-Sep-2018,Sun,R,16:32,16:41,100%,9,0h 56m,0h 56m,0h 0m,,
30-Sep-2018,Sun,R,18:23,18:29,0%,6,1h 42m,0h 0m,1h 42m,,
30-Sep-2018,Sun,L,19:01,19:09,100%,8,0h 32m,0h 32m,0h 0m,,
30-Sep-2018,Sun,L,20:48,20:56,75%,8,1h 39m,1h 14m,0h 24m,,
30-Sep-2018,Sun,R,22:12,22:24,100%,12,1h 16m,1h 16m,0h 0m,,
30-Sep-2018,Sun,L,22:33,22:39,100%,6,0h 9m,0h 9m,0h 0m,,
1-Oct-2018,Mon,R,04:02,04:22,0%,20,5h 23m,0h 0m,5h 23m,,
1-Oct-2018,Mon,L,06:52,07:02,0%,10,2h 30m,0h 0m,2h 30m,,
1-Oct-2018,Mon,R,08:57,09:13,40%,16,1h 55m,0h 46m,1h 9m,,
1-Oct-2018,Mon,R,11:39,11:50,20%,11,2h 26m,0h 29m,1h 56m,,
1-Oct-2018,Mon,R,13:12,13:20,25%,8,1h 22m,0h 20m,1h 1m,,
1-Oct-2018,Mon,R,14:07,14:17,100%,10,0h 47m,0h 47m,0h 0m,,
1-Oct-2018,Mon,L,14:45,14:51,100%,6,0h 28m,0h 28m,0h 0m,,
1-Oct-2018,Mon,L,16:54,16:59,65%,5,2h 3m,1h 19m,0h 43m,,
1-Oct-2018,Mon,R,19:13,19:33,10%,20,2h 14m,0h 13m,2h 0m,,
1-Oct-2018,Mon,L,20:31,20:40,100%,9,0h 58m,0h 58m,0h 0m,,
1-Oct-2018,Mon,L,21:56,22:00,100%,4,1h 16m,1h 16m,0h 0m,,
1-Oct-2018,Mon,R,22:04,22:09,100%,5,0h 4m,0h 4m,0h 0m,,
2-Oct-2018,Tue,L,01:44,01:59,0%,15,3h 35m,0h 0m,3h 35m,,
2-Oct-2018,Tue,R,04:53,05:02,0%,9,2h 54m,0h 0m,2h 54m,,
2-Oct-2018,Tue,L,05:13,05:26,100%,13,0h 11m,0h 11m,0h 0m,,
2-Oct-2018,Tue,L,07:50,07:52,0%,2,2h 24m,0h 0m,2h 24m,,
2-Oct-2018,Tue,R,08:53,09:08,100%,15,1h 1m,1h 1m,0h 0m,,
2-Oct-2018,Tue,L,09:50,09:59,100%,9,0h 42m,0h 42m,0h 0m,,
2-Oct-2018,Tue,R,11:17,11:22,70%,5,1h 18m,0h 54m,0h 23m,,
2-Oct-2018,Tue,R,11:28,11:33,100%,5,0h 6m,0h 6m,0h 0m,,
2-Oct-2018,Tue,L,11:53,11:58,100%,5,0h 20m,0h 20m,0h 0m,,
2-Oct-2018,Tue,L,15:46,15:58,20%,12,3h 48m,0h 45m,3h 2m,,
2-Oct-2018,Tue,L,16:31,16:41,100%,10,0h 33m,0h 33m,0h 0m,,
2-Oct-2018,Tue,R,17:38,17:45,0%,7,0h 57m,0h 0m,0h 57m,,
2-Oct-2018,Tue,R,18:31,18:47,100%,16,0h 46m,0h 46m,0h 0m,,
2-Oct-2018,Tue,L,18:54,19:01,100%,7,0h 7m,0h 7m,0h 0m,,
2-Oct-2018,Tue,R,20:42,20:50,65%,8,1h 41m,1h 5m,0h 35m,,
2-Oct-2018,Tue,L,21:23,21:29,100%,6,0h 33m,0h 33m,0h 0m,,
2-Oct-2018,Tue,L,22:59,23:02,50%,3,1h 30m,0h 45m,0h 45m,,
3-Oct-2018,Wed,R,03:09,03:20,0%,11,4h 7m,0h 0m,4h 7m,,
3-Oct-2018,Wed,L,06:40,06:48,0%,8,3h 20m,0h 0m,3h 20m,,
3-Oct-2018,Wed,L,06:56,07:01,100%,5,0h 8m,0h 8m,0h 0m,,
3-Oct-2018,Wed,R,09:41,09:46,0%,5,2h 40m,0h 0m,2h 40m,,
3-Oct-2018,Wed,L,09:58,10:08,0%,10,0h 12m,0h 0m,0h 12m,,
3-Oct-2018,Wed,R,11:15,11:31,100%,16,1h 7m,1h 7m,0h 0m,,
3-Oct-2018,Wed,L,11:46,11:47,100%,1,0h 15m,0h 15m,0h 0m,,
3-Oct-2018,Wed,L,12:33,12:38,100%,5,0h 46m,0h 46m,0h 0m,,
3-Oct-2018,Wed,L,13:46,13:53,40%,7,1h 8m,0h 27m,0h 40m,,
3-Oct-2018,Wed,L,15:02,15:20,0%,18,1h 9m,0h 0m,1h 9m,,
3-Oct-2018,Wed,R,16:47,16:54,70%,7,1h 27m,1h 0m,0h 26m,,
3-Oct-2018,Wed,B,18:15,18:25,100%,10,1h 21m,1h 21m,0h 0m,,
3-Oct-2018,Wed,R,19:28,19:48,30%,20,1h 3m,0h 18m,0h 44m,,
3-Oct-2018,Wed,L,19:49,19:53,100%,4,0h 1m,0h 1m,0h 0m,,
3-Oct-2018,Wed,L,21:09,21:17,100%,8,1h 16m,1h 16m,0h 0m,,
3-Oct-2018,Wed,L,21:30,21:35,100%,5,0h 13m,0h 13m,0h 0m,,
4-Oct-2018,Thu,R,00:59,01:13,0%,14,3h 24m,0h 0m,3h 24m,,
4-Oct-2018,Thu,L,04:32,04:39,0%,7,3h 19m,0h 0m,3h 19m,,
4-Oct-2018,Thu,L,04:49,04:52,100%,3,0h 10m,0h 10m,0h 0m,,
4-Oct-2018,Thu,L,04:58,05:00,100%,2,0h 6m,0h 6m,0h 0m,,
4-Oct-2018,Thu,L,05:24,05:27,100%,3,0h 24m,0h 24m,0h 0m,,
4-Oct-2018,Thu,R,08:54,09:05,0%,11,3h 27m,0h 0m,3h 27m,,
4-Oct-2018,Thu,R,11:09,11:19,50%,10,2h 4m,1h 2m,1h 2m,,
4-Oct-2018,Thu,L,13:05,13:12,45%,7,1h 46m,0h 47m,0h 58m,,
4-Oct-2018,Thu,R,15:59,16:04,26%,5,2h 47m,0h 43m,2h 3m,,
4-Oct-2018,Thu,L,16:07,16:15,100%,8,0h 3m,0h 3m,0h 0m,,
4-Oct-2018,Thu,L,17:31,17:36,100%,5,1h 16m,1h 16m,0h 0m,,
4-Oct-2018,Thu,L,18:01,18:08,100%,7,0h 25m,0h 25m,0h 0m,,
4-Oct-2018,Thu,R,18:58,19:05,0%,7,0h 50m,0h 0m,0h 50m,,
4-Oct-2018,Thu,R,19:21,19:32,100%,11,0h 16m,0h 16m,0h 0m,,
4-Oct-2018,Thu,L,21:35,21:53,100%,18,2h 3m,2h 3m,0h 0m,,
4-Oct-2018,Thu,R,22:01,22:05,0%,4,0h 8m,0h 0m,0h 8m,,
5-Oct-2018,Fri,R,01:30,01:34,0%,4,3h 25m,0h 0m,3h 25m,,
5-Oct-2018,Fri,R,01:45,01:50,100%,5,0h 11m,0h 11m,0h 0m,,
5-Oct-2018,Fri,L,05:26,05:29,8%,3,3h 36m,0h 17m,3h 18m,,
5-Oct-2018,Fri,L,08:25,08:33,0%,8,2h 56m,0h 0m,2h 56m,,
5-Oct-2018,Fri,R,09:13,09:23,100%,10,0h 40m,0h 40m,0h 0m,,
5-Oct-2018,Fri,L,12:14,12:22,30%,8,2h 51m,0h 51m,1h 59m,,
5-Oct-2018,Fri,L,13:39,13:41,100%,2,1h 17m,1h 17m,0h 0m,,
5-Oct-2018,Fri,R,15:01,15:04,75%,3,1h 20m,1h 0m,0h 20m,,
5-Oct-2018,Fri,R,16:56,17:01,60%,5,1h 52m,1h 7m,0h 44m,,
5-Oct-2018,Fri,L,19:35,19:47,45%,12,2h 34m,1h 9m,1h 24m,,
5-Oct-2018,Fri,L,20:57,21:02,100%,5,1h 10m,1h 10m,0h 0m,,
6-Oct-2018,Sat,L,02:38,02:45,0%,7,5h 36m,0h 0m,5h 36m,,
6-Oct-2018,Sat,L,02:56,03:02,100%,6,0h 11m,0h 11m,0h 0m,,
6-Oct-2018,Sat,R,05:56,06:06,0%,10,2h 54m,0h 0m,2h 54m,,
6-Oct-2018,Sat,R,08:39,08:55,0%,16,2h 33m,0h 0m,2h 33m,,
6-Oct-2018,Sat,L,11:56,12:09,75%,13,3h 1m,2h 15m,0h 45m,,
6-Oct-2018,Sat,L,14:09,14:14,40%,5,2h 0m,0h 48m,1h 12m,,
6-Oct-2018,Sat,R,15:14,15:18,100%,4,1h 0m,1h 0m,0h 0m,,
6-Oct-2018,Sat,R,17:35,17:39,15%,4,2h 17m,0h 20m,1h 56m,,
6-Oct-2018,Sat,R,18:06,18:12,100%,6,0h 27m,0h 27m,0h 0m,,
6-Oct-2018,Sat,L,20:09,20:13,50%,4,1h 57m,0h 58m,0h 58m,,
6-Oct-2018,Sat,L,22:49,23:02,30%,13,2h 36m,0h 46m,1h 49m,,
7-Oct-2018,Sun,R,02:03,02:11,0%,8,3h 1m,0h 0m,3h 1m,,
7-Oct-2018,Sun,R,02:17,02:21,100%,4,0h 6m,0h 6m,0h 0m,,
7-Oct-2018,Sun,R,03:02,03:06,100%,4,0h 41m,0h 41m,0h 0m,,
7-Oct-2018,Sun,L,03:41,03:42,100%,1,0h 35m,0h 35m,0h 0m,,
7-Oct-2018,Sun,L,07:19,07:24,0%,5,3h 37m,0h 0m,3h 37m,,
7-Oct-2018,Sun,L,09:22,09:27,75%,5,1h 58m,1h 28m,0h 29m,,
7-Oct-2018,Sun,R,10:34,10:41,100%,7,1h 7m,1h 7m,0h 0m,,
7-Oct-2018,Sun,L,12:11,12:15,50%,4,1h 30m,0h 45m,0h 45m,,
7-Oct-2018,Sun,L,12:34,12:41,100%,7,0h 19m,0h 19m,0h 0m,,
7-Oct-2018,Sun,L,14:10,14:16,75%,6,1h 29m,1h 6m,0h 22m,,
7-Oct-2018,Sun,R,16:06,16:22,20%,16,1h 50m,0h 22m,1h 28m,,
7-Oct-2018,Sun,R,17:34,17:37,100%,3,1h 12m,1h 12m,0h 0m,,
7-Oct-2018,Sun,L,19:01,19:04,100%,3,1h 24m,1h 24m,0h 0m,,
7-Oct-2018,Sun,L,20:00,20:10,100%,10,0h 56m,0h 56m,0h 0m,,
7-Oct-2018,Sun,R,22:16,22:22,30%,6,2h 6m,0h 37m,1h 28m,,
7-Oct-2018,Sun,L,22:38,22:40,100%,2,0h 16m,0h 16m,0h 0m,,
8-Oct-2018,Mon,L,03:18,03:22,0%,4,4h 38m,0h 0m,4h 38m,,
8-Oct-2018,Mon,L,06:00,06:07,0%,7,2h 38m,0h 0m,2h 38m,,
8-Oct-2018,Mon,R,08:25,08:36,60%,11,2h 18m,1h 22m,0h 55m,,
8-Oct-2018,Mon,R,10:42,11:00,75%,18,2h 6m,1h 34m,0h 31m,,
8-Oct-2018,Mon,L,12:35,12:39,35%,4,1h 35m,0h 33m,1h 1m,,
8-Oct-2018,Mon,L,14:30,14:38,20%,8,1h 51m,0h 22m,1h 28m,,
8-Oct-2018,Mon,L,14:53,14:58,100%,5,0h 15m,0h 15m,0h 0m,,
8-Oct-2018,Mon,R,16:53,16:57,100%,4,1h 55m,1h 55m,0h 0m,,
8-Oct-2018,Mon,L,18:07,18:16,15%,9,1h 10m,0h 10m,0h 59m,,
8-Oct-2018,Mon,B,19:30,19:40,100%,10,1h 14m,1h 14m,0h 0m,,
9-Oct-2018,Tue,R,02:16,02:24,15%,8,6h 36m,0h 59m,5h 36m,,
9-Oct-2018,Tue,L,03:53,03:59,0%,6,1h 29m,0h 0m,1h 29m,,
9-Oct-2018,Tue,L,06:05,06:10,0%,5,2h 6m,0h 0m,2h 6m,,
9-Oct-2018,Tue,L,06:21,06:28,100%,7,0h 11m,0h 11m,0h 0m,,
9-Oct-2018,Tue,R,08:26,08:31,20%,5,1h 58m,0h 23m,1h 34m,,
9-Oct-2018,Tue,R,10:31,10:40,50%,9,2h 0m,1h 0m,1h 0m,,
9-Oct-2018,Tue,L,12:02,12:10,100%,8,1h 22m,1h 22m,0h 0m,,
9-Oct-2018,Tue,L,15:02,15:11,13%,9,2h 52m,0h 22m,2h 29m,,
9-Oct-2018,Tue,R,18:10,18:18,30%,8,2h 59m,0h 53m,2h 5m,,
9-Oct-2018,Tue,L,19:07,19:08,100%,1,0h 49m,0h 49m,0h 0m,,
10-Oct-2018,Wed,L,00:55,01:07,0%,12,5h 47m,0h 0m,5h 47m,,
10-Oct-2018,Wed,R,03:58,04:11,0%,13,2h 51m,0h 0m,2h 51m,,
10-Oct-2018,Wed,L,04:25,04:28,100%,3,0h 14m,0h 14m,0h 0m,,
10-Oct-2018,Wed,R,07:24,07:35,0%,11,2h 56m,0h 0m,2h 56m,,
10-Oct-2018,Wed,L,09:50,09:59,60%,9,2h 15m,1h 21m,0h 54m,,
10-Oct-2018,Wed,L,11:45,11:58,60%,13,1h 46m,1h 3m,0h 42m,,
10-Oct-2018,Wed,R,14:18,14:30,45%,12,2h 20m,1h 3m,1h 17m,,
10-Oct-2018,Wed,R,16:37,16:46,70%,9,2h 7m,1h 28m,0h 38m,,
10-Oct-2018,Wed,L,18:38,18:46,45%,8,1h 52m,0h 50m,1h 1m,,
10-Oct-2018,Wed,L,22:59,23:14,10%,15,4h 13m,0h 25m,3h 47m,,
11-Oct-2018,Thu,R,01:39,01:50,0%,11,2h 25m,0h 0m,2h 25m,,
11-Oct-2018,Thu,L,01:57,02:04,100%,7,0h 7m,0h 7m,0h 0m,,
11-Oct-2018,Thu,L,05:58,06:07,0%,9,3h 54m,0h 0m,3h 54m,,
11-Oct-2018,Thu,R,08:08,08:19,35%,11,2h 1m,0h 42m,1h 18m,,
11-Oct-2018,Thu,R,10:15,10:22,60%,7,1h 56m,1h 9m,0h 46m,,
11-Oct-2018,Thu,L,13:09,13:23,20%,14,2h 47m,0h 33m,2h 13m,,
11-Oct-2018,Thu,L,15:47,15:57,60%,10,2h 24m,1h 26m,0h 57m,,
11-Oct-2018,Thu,R,16:21,16:32,100%,11,0h 24m,0h 24m,0h 0m,,
11-Oct-2018,Thu,R,18:23,18:37,50%,14,1h 51m,0h 55m,0h 55m,,
11-Oct-2018,Thu,L,19:06,19:07,100%,1,0h 29m,0h 29m,0h 0m,,
11-Oct-2018,Thu,L,21:02,21:20,0%,18,1h 55m,0h 0m,1h 55m,,
12-Oct-2018,Fri,R,01:25,01:35,0%,10,4h 5m,0h 0m,4h 5m,,
12-Oct-2018,Fri,L,01:47,01:52,100%,5,0h 12m,0h 12m,0h 0m,,
12-Oct-2018,Fri,L,02:13,02:17,100%,4,0h 21m,0h 21m,0h 0m,,
12-Oct-2018,Fri,R,04:46,05:01,0%,15,2h 29m,0h 0m,2h 29m,,
12-Oct-2018,Fri,L,06:37,06:47,0%,10,1h 36m,0h 0m,1h 36m,,
12-Oct-2018,Fri,R,09:00,09:07,55%,7,2h 13m,1h 13m,0h 59m,,
12-Oct-2018,Fri,R,10:19,10:25,100%,6,1h 12m,1h 12m,0h 0m,,
12-Oct-2018,Fri,L,11:44,11:51,60%,7,1h 19m,0h 47m,0h 31m,,
12-Oct-2018,Fri,L,14:08,14:17,55%,9,2h 17m,1h 15m,1h 1m,,
12-Oct-2018,Fri,R,16:08,16:17,65%,9,1h 51m,1h 12m,0h 38m,,
12-Oct-2018,Fri,R,17:04,17:18,100%,14,0h 47m,0h 47m,0h 0m,,
12-Oct-2018,Fri,L,18:17,18:31,55%,14,0h 59m,0h 32m,0h 26m,,
13-Oct-2018,Sat,L,00:10,00:19,10%,9,5h 39m,0h 33m,5h 5m,,
13-Oct-2018,Sat,R,03:16,03:25,0%,9,2h 57m,0h 0m,2h 57m,,
13-Oct-2018,Sat,R,03:48,03:53,100%,5,0h 23m,0h 23m,0h 0m,,
13-Oct-2018,Sat,R,04:11,04:14,100%,3,0h 18m,0h 18m,0h 0m,,
13-Oct-2018,Sat,R,06:51,07:01,0%,10,2h 37m,0h 0m,2h 37m,,
13-Oct-2018,Sat,L,08:28,08:35,100%,7,1h 27m,1h 27m,0h 0m,,
13-Oct-2018,Sat,L,10:03,10:09,75%,6,1h 28m,1h 6m,0h 22m,,
13-Oct-2018,Sat,R,13:09,13:25,15%,16,3h 0m,0h 27m,2h 33m,,
13-Oct-2018,Sat,L,15:42,15:56,75%,14,2h 17m,1h 42m,0h 34m,,
13-Oct-2018,Sat,R,17:39,17:59,0%,20,1h 43m,0h 0m,1h 43m,,
13-Oct-2018,Sat,L,18:20,18:33,100%,13,0h 21m,0h 21m,0h 0m,,
13-Oct-2018,Sat,R,22:17,22:39,0%,22,3h 44m,0h 0m,3h 44m,,
